<?xml version='1.1' encoding='UTF-8'?>
<org.jvnet.hudson.plugins.thinbackup.backup.PluginList plugin="thinBackup@1.10">
  <plugins>
    <entry>
      <string>blueocean-config</string>
      <string>1.25.3</string>
    </entry>
    <entry>
      <string>openshift-login</string>
      <string>1.0.27</string>
    </entry>
    <entry>
      <string>jdk-tool</string>
      <string>1.5</string>
    </entry>
    <entry>
      <string>snakeyaml-api</string>
      <string>1.30.1</string>
    </entry>
    <entry>
      <string>github-branch-source</string>
      <string>1598.v91207e9f9b_4a_</string>
    </entry>
    <entry>
      <string>pipeline-github-lib</string>
      <string>36.v4c01db_ca_ed16</string>
    </entry>
    <entry>
      <string>pipeline-githubnotify-step</string>
      <string>49.vf37bf92d2bc8</string>
    </entry>
    <entry>
      <string>blueocean-pipeline-api-impl</string>
      <string>1.25.3</string>
    </entry>
    <entry>
      <string>kerberos-sso</string>
      <string>1.9</string>
    </entry>
    <entry>
      <string>workflow-multibranch</string>
      <string>711.vdfef37cda_816</string>
    </entry>
    <entry>
      <string>docker-workflow</string>
      <string>1.28</string>
    </entry>
    <entry>
      <string>maven-plugin</string>
      <string>3.18</string>
    </entry>
    <entry>
      <string>build-name-setter</string>
      <string>2.2.0</string>
    </entry>
    <entry>
      <string>pipeline-stage-tags-metadata</string>
      <string>2.2075.vce74e77b_ce40</string>
    </entry>
    <entry>
      <string>javax-activation-api</string>
      <string>1.2.0-2</string>
    </entry>
    <entry>
      <string>git-client</string>
      <string>3.11.0</string>
    </entry>
    <entry>
      <string>scm-api</string>
      <string>602.v6a_81757a_31d2</string>
    </entry>
    <entry>
      <string>pipeline-stage-step</string>
      <string>291.vf0a8a7aeeb50</string>
    </entry>
    <entry>
      <string>google-login</string>
      <string>1.6</string>
    </entry>
    <entry>
      <string>github</string>
      <string>1.34.3</string>
    </entry>
    <entry>
      <string>windows-slaves</string>
      <string>1.8</string>
    </entry>
    <entry>
      <string>build-timeout</string>
      <string>1.20</string>
    </entry>
    <entry>
      <string>parameterized-trigger</string>
      <string>2.44</string>
    </entry>
    <entry>
      <string>openid</string>
      <string>2.4</string>
    </entry>
    <entry>
      <string>configuration-as-code</string>
      <string>1414.v878271fc496f</string>
    </entry>
    <entry>
      <string>blueocean-personalization</string>
      <string>1.25.3</string>
    </entry>
    <entry>
      <string>monitoring</string>
      <string>1.91.0</string>
    </entry>
    <entry>
      <string>mailer</string>
      <string>408.vd726a_1130320</string>
    </entry>
    <entry>
      <string>gitlab-oauth</string>
      <string>1.15</string>
    </entry>
    <entry>
      <string>jackson2-api</string>
      <string>2.13.2.20220328-273.v11d70a_b_a_1a_52</string>
    </entry>
    <entry>
      <string>blueocean-web</string>
      <string>1.25.3</string>
    </entry>
    <entry>
      <string>workflow-scm-step</string>
      <string>2.13</string>
    </entry>
    <entry>
      <string>ws-cleanup</string>
      <string>0.41</string>
    </entry>
    <entry>
      <string>blueocean-events</string>
      <string>1.25.3</string>
    </entry>
    <entry>
      <string>token-macro</string>
      <string>285.vff7645a_56ff0</string>
    </entry>
    <entry>
      <string>popper-api</string>
      <string>1.16.1-2</string>
    </entry>
    <entry>
      <string>lockable-resources</string>
      <string>2.14</string>
    </entry>
    <entry>
      <string>thinBackup</string>
      <string>1.10</string>
    </entry>
    <entry>
      <string>metrics</string>
      <string>4.1.6.1</string>
    </entry>
    <entry>
      <string>favorite</string>
      <string>2.4.1</string>
    </entry>
    <entry>
      <string>blueocean-i18n</string>
      <string>1.25.3</string>
    </entry>
    <entry>
      <string>momentjs</string>
      <string>1.1.1</string>
    </entry>
    <entry>
      <string>okhttp-api</string>
      <string>4.9.3-105.vb96869f8ac3a</string>
    </entry>
    <entry>
      <string>blueocean-rest</string>
      <string>1.25.3</string>
    </entry>
    <entry>
      <string>pipeline-stage-view</string>
      <string>2.23</string>
    </entry>
    <entry>
      <string>pipeline-build-step</string>
      <string>2.17</string>
    </entry>
    <entry>
      <string>pipeline-model-definition</string>
      <string>2.2075.vce74e77b_ce40</string>
    </entry>
    <entry>
      <string>github-pr-coverage-status</string>
      <string>2.1.1</string>
    </entry>
    <entry>
      <string>resource-disposer</string>
      <string>0.18</string>
    </entry>
    <entry>
      <string>bouncycastle-api</string>
      <string>2.25</string>
    </entry>
    <entry>
      <string>jaxb</string>
      <string>2.3.0.1</string>
    </entry>
    <entry>
      <string>url-auth-sso</string>
      <string>1.0</string>
    </entry>
    <entry>
      <string>docker-commons</string>
      <string>1.19</string>
    </entry>
    <entry>
      <string>jquery-detached</string>
      <string>1.2.1</string>
    </entry>
    <entry>
      <string>ace-editor</string>
      <string>1.1</string>
    </entry>
    <entry>
      <string>javadoc</string>
      <string>217.v905b_86277a_2a_</string>
    </entry>
    <entry>
      <string>github-issues</string>
      <string>1.2.4</string>
    </entry>
    <entry>
      <string>workflow-durable-task-step</string>
      <string>1128.v8c259d125340</string>
    </entry>
    <entry>
      <string>github-oauth</string>
      <string>0.37</string>
    </entry>
    <entry>
      <string>gravatar</string>
      <string>2.2</string>
    </entry>
    <entry>
      <string>blueocean-pipeline-editor</string>
      <string>1.25.3</string>
    </entry>
    <entry>
      <string>ssh-credentials</string>
      <string>1.19</string>
    </entry>
    <entry>
      <string>workflow-job</string>
      <string>1174.vdcb_d054cf74a_</string>
    </entry>
    <entry>
      <string>workflow-basic-steps</string>
      <string>941.vdfe1b_a_132c64</string>
    </entry>
    <entry>
      <string>jsch</string>
      <string>0.1.55.2</string>
    </entry>
    <entry>
      <string>github-api</string>
      <string>1.301-378.v9807bd746da5</string>
    </entry>
    <entry>
      <string>rebuild</string>
      <string>1.33.1</string>
    </entry>
    <entry>
      <string>echarts-api</string>
      <string>5.3.2-1</string>
    </entry>
    <entry>
      <string>gitlab-merge-request-jenkins</string>
      <string>2.0.0</string>
    </entry>
    <entry>
      <string>workflow-cps</string>
      <string>2686.v7c37e0578401</string>
    </entry>
    <entry>
      <string>sshd</string>
      <string>3.228.v4c9f9e652c86</string>
    </entry>
    <entry>
      <string>matrix-auth</string>
      <string>3.1</string>
    </entry>
    <entry>
      <string>jjwt-api</string>
      <string>0.11.2-9.c8b45b8bb173</string>
    </entry>
    <entry>
      <string>gradle</string>
      <string>1.38</string>
    </entry>
    <entry>
      <string>blueocean-commons</string>
      <string>1.25.3</string>
    </entry>
    <entry>
      <string>sse-gateway</string>
      <string>1.25</string>
    </entry>
    <entry>
      <string>Office-365-Connector</string>
      <string>4.16.1</string>
    </entry>
    <entry>
      <string>script-security</string>
      <string>1145.vb_cf6cf6ed960</string>
    </entry>
    <entry>
      <string>mercurial</string>
      <string>2.16</string>
    </entry>
    <entry>
      <string>Hudson core</string>
      <string>2.343</string>
    </entry>
    <entry>
      <string>blueocean-dashboard</string>
      <string>1.25.3</string>
    </entry>
    <entry>
      <string>blueocean-core-js</string>
      <string>1.25.3</string>
    </entry>
    <entry>
      <string>blueocean-github-pipeline</string>
      <string>1.25.3</string>
    </entry>
    <entry>
      <string>role-strategy</string>
      <string>3.2.0</string>
    </entry>
    <entry>
      <string>pipeline-milestone-step</string>
      <string>100.v60a_03cd446e1</string>
    </entry>
    <entry>
      <string>oic-auth</string>
      <string>1.8</string>
    </entry>
    <entry>
      <string>git-changelog</string>
      <string>3.23</string>
    </entry>
    <entry>
      <string>blueocean-jwt</string>
      <string>1.25.3</string>
    </entry>
    <entry>
      <string>trilead-api</string>
      <string>1.57.v6e90e07157e1</string>
    </entry>
    <entry>
      <string>javax-mail-api</string>
      <string>1.6.2-5</string>
    </entry>
    <entry>
      <string>ldap</string>
      <string>2.8</string>
    </entry>
    <entry>
      <string>handlebars</string>
      <string>3.0.8</string>
    </entry>
    <entry>
      <string>plugin-util-api</string>
      <string>2.16.0</string>
    </entry>
    <entry>
      <string>variant</string>
      <string>1.4</string>
    </entry>
    <entry>
      <string>font-awesome-api</string>
      <string>6.0.0-1</string>
    </entry>
    <entry>
      <string>pipeline-model-extensions</string>
      <string>2.2075.vce74e77b_ce40</string>
    </entry>
    <entry>
      <string>bootstrap4-api</string>
      <string>4.6.0-3</string>
    </entry>
    <entry>
      <string>oauth-credentials</string>
      <string>0.5</string>
    </entry>
    <entry>
      <string>workflow-cps-global-lib</string>
      <string>570.v21311f4951f8</string>
    </entry>
    <entry>
      <string>workflow-support</string>
      <string>817.v58126df57338</string>
    </entry>
    <entry>
      <string>checks-api</string>
      <string>1.7.2</string>
    </entry>
    <entry>
      <string>antisamy-markup-formatter</string>
      <string>2.7</string>
    </entry>
    <entry>
      <string>pipeline-rest-api</string>
      <string>2.23</string>
    </entry>
    <entry>
      <string>blueocean-rest-impl</string>
      <string>1.25.3</string>
    </entry>
    <entry>
      <string>pipeline-model-api</string>
      <string>2.2075.vce74e77b_ce40</string>
    </entry>
    <entry>
      <string>pipeline-input-step</string>
      <string>447.v95e5a_6e3502a_</string>
    </entry>
    <entry>
      <string>pipeline-utility-steps</string>
      <string>2.12.0</string>
    </entry>
    <entry>
      <string>openid4java</string>
      <string>0.9.8.0</string>
    </entry>
    <entry>
      <string>jquery3-api</string>
      <string>3.6.0-2</string>
    </entry>
    <entry>
      <string>git-server</string>
      <string>1.10</string>
    </entry>
    <entry>
      <string>ssh-agent</string>
      <string>1.24.1</string>
    </entry>
    <entry>
      <string>blueocean-git-pipeline</string>
      <string>1.25.3</string>
    </entry>
    <entry>
      <string>credentials-binding</string>
      <string>1.27.1</string>
    </entry>
    <entry>
      <string>workflow-aggregator</string>
      <string>2.7</string>
    </entry>
    <entry>
      <string>ghprb</string>
      <string>1.42.2</string>
    </entry>
    <entry>
      <string>credentials</string>
      <string>1118.v320cd028cb_a_0</string>
    </entry>
    <entry>
      <string>blueocean-pipeline-scm-api</string>
      <string>1.25.3</string>
    </entry>
    <entry>
      <string>caffeine-api</string>
      <string>2.9.2-29.v717aac953ff3</string>
    </entry>
    <entry>
      <string>greenballs</string>
      <string>1.15.1</string>
    </entry>
    <entry>
      <string>workflow-step-api</string>
      <string>622.vb_8e7c15b_c95a_</string>
    </entry>
    <entry>
      <string>dashboard-view</string>
      <string>2.426.vb_93dcdb_b_0eb_0</string>
    </entry>
    <entry>
      <string>plain-credentials</string>
      <string>1.8</string>
    </entry>
    <entry>
      <string>command-launcher</string>
      <string>1.6</string>
    </entry>
    <entry>
      <string>matrix-project</string>
      <string>758.v7a_ea_491852f3</string>
    </entry>
    <entry>
      <string>jquery</string>
      <string>1.12.4-1</string>
    </entry>
    <entry>
      <string>git</string>
      <string>4.11.0</string>
    </entry>
    <entry>
      <string>authentication-tokens</string>
      <string>1.4</string>
    </entry>
    <entry>
      <string>bootstrap5-api</string>
      <string>5.1.3-6</string>
    </entry>
    <entry>
      <string>gitlab-plugin</string>
      <string>1.5.30</string>
    </entry>
    <entry>
      <string>cloudbees-folder</string>
      <string>6.714.v79e858ef76a_2</string>
    </entry>
    <entry>
      <string>prometheus</string>
      <string>2.0.11</string>
    </entry>
    <entry>
      <string>durable-task</string>
      <string>495.v29cd95ec10f2</string>
    </entry>
    <entry>
      <string>blueocean-autofavorite</string>
      <string>1.2.5</string>
    </entry>
    <entry>
      <string>popper2-api</string>
      <string>2.11.5-1</string>
    </entry>
    <entry>
      <string>timestamper</string>
      <string>1.17</string>
    </entry>
    <entry>
      <string>pipeline-graph-analysis</string>
      <string>188.v3a01e7973f2c</string>
    </entry>
    <entry>
      <string>junit</string>
      <string>1.58</string>
    </entry>
    <entry>
      <string>github-pullrequest</string>
      <string>0.4.0</string>
    </entry>
    <entry>
      <string>structs</string>
      <string>308.v852b473a2b8c</string>
    </entry>
    <entry>
      <string>apache-httpcomponents-client-4-api</string>
      <string>4.5.13-1.0</string>
    </entry>
    <entry>
      <string>delivery-pipeline-plugin</string>
      <string>1.4.2</string>
    </entry>
    <entry>
      <string>blueocean-bitbucket-pipeline</string>
      <string>1.25.3</string>
    </entry>
    <entry>
      <string>mapdb-api</string>
      <string>1.0.9.0</string>
    </entry>
    <entry>
      <string>blueocean</string>
      <string>1.25.3</string>
    </entry>
    <entry>
      <string>htmlpublisher</string>
      <string>1.29</string>
    </entry>
    <entry>
      <string>ssh-slaves</string>
      <string>1.806.v2253cedd3295</string>
    </entry>
    <entry>
      <string>handy-uri-templates-2-api</string>
      <string>2.1.8-1.0</string>
    </entry>
    <entry>
      <string>cloudbees-bitbucket-branch-source</string>
      <string>762.v969cfe087fc0</string>
    </entry>
    <entry>
      <string>subversion</string>
      <string>2.15.4</string>
    </entry>
    <entry>
      <string>blueocean-display-url</string>
      <string>2.4.1</string>
    </entry>
    <entry>
      <string>display-url-api</string>
      <string>2.3.6</string>
    </entry>
    <entry>
      <string>jenkins-design-language</string>
      <string>1.25.3</string>
    </entry>
    <entry>
      <string>branch-api</string>
      <string>2.1044.v2c007e51b_87f</string>
    </entry>
    <entry>
      <string>jersey2-api</string>
      <string>2.35-6</string>
    </entry>
    <entry>
      <string>workflow-api</string>
      <string>1143.v2d42f1e9dea_5</string>
    </entry>
    <entry>
      <string>pubsub-light</string>
      <string>1.16</string>
    </entry>
  </plugins>
  <pluginsXml>/srv/backup/FULL-2022-04-15_12-20/installedPlugins.xml</pluginsXml>
</org.jvnet.hudson.plugins.thinbackup.backup.PluginList>