<?xml version='1.1' encoding='UTF-8'?>
<org.jenkinsci.plugins.prometheus.config.PrometheusConfiguration plugin="prometheus@2.0.11">
  <urlName>prometheus</urlName>
  <additionalPath></additionalPath>
  <defaultNamespace>default</defaultNamespace>
  <jobAttributeName>jenkins_job</jobAttributeName>
  <useAuthenticatedEndpoint>false</useAuthenticatedEndpoint>
  <collectingMetricsPeriodInSeconds>120</collectingMetricsPeriodInSeconds>
  <countSuccessfulBuilds>true</countSuccessfulBuilds>
  <countUnstableBuilds>true</countUnstableBuilds>
  <countFailedBuilds>true</countFailedBuilds>
  <countNotBuiltBuilds>true</countNotBuiltBuilds>
  <countAbortedBuilds>true</countAbortedBuilds>
  <fetchTestResults>true</fetchTestResults>
  <processingDisabledBuilds>false</processingDisabledBuilds>
  <appendParamLabel>false</appendParamLabel>
  <appendStatusLabel>false</appendStatusLabel>
  <labeledBuildParameterNames></labeledBuildParameterNames>
  <collectDiskUsage>true</collectDiskUsage>
</org.jenkinsci.plugins.prometheus.config.PrometheusConfiguration>